Borough,Name,Address,Phone,Email,Hours,Link,Type
Bronx,Bronx CC College,Access Resource Center office: Loew Hall 125,718-289-5179,bcc.ARC@bcc.cuny.edu,,,FoodResource
Bronx,HOSTOS CC COllege,"Hostos One Stop Center, Savoy Building (1st floor intake) D-101",718-518-414,mcruz@hostos.cuny.edu,,,FoodResource
Bronx,LEHMAN COLLEGE,Student Life Building 120,718-960-8535,food.bank@lehman.cuny.edu,,,FoodResource
Brooklyn,BROOKLYN COLLEGE,"Student Center, Room 524",,civicengagement@brooklyn.cuny.edu,,,FoodResource
Brooklyn,Kings Borough Comunity College,"CUNY EDGE, T4-216 (Food for Thought)",718-368-4660,,,,FoodResource
Brooklyn,Medgar Evers College,"Transition Academy, 1150 Carroll Street (Room C-307)",718-270-6988,TransitionAcademy@mec.cuny.edu ,,,FoodResource
Brooklyn,NYC College Of TechnologyCITY TECH,,,,"Hours
Tuesday        9:00 AM - 12:00 PM
Wednesday        3:00 PM - 6:00 PM
Thursday        12:00 PM - 3:00 
",https://calendly.com/geramirez-1/pantry,FoodResource
Manhattan,Baruch College,,,,,,FoodResource
Manhattan,BMCC,"199 Chambers Street, Room S-230
New York, NY 10007
",(212) 220-8195,arc@bmcc.cuny.edu,Mon.–Fri. 8 a.m.–6 p.m.,,FoodResource
Manhattan,City College Of New York,NAC Ground Floor,,bennysfoodpantry@ccny.cuny.edu,Mon-Fri 10am-6pm,,FoodResource
Manhattan,Guttman Community College,"The Connect Center, Room LL020/020",646-313-8856,connectcenter@guttman.cuny.edu,,,FoodResource
Manhattan,HUNTER COLLEGE,"Main Campus – 68th St.
Room B103, Lower Level of West Building
Brookdale
425 East 25th Street – Main Lobby",,rt2049@hunter.cuny.edu,"Summer 2024 Hours
Monday: 12 pm–4 pm
Tuesday: 12 pm–4 pm",,FoodResource
Manhattan,John Jay College,Wellness Center/Single Stop   Rm L.68.13, 212-237-8052 ,JJCFoodBank@jjay.cuny.edu,,,FoodResource
Queens,La Guardia Community College,"C-Building, C-235",(718) 482-5135,laguardiacares@lagcc.cuny.edu,"In-Person Hours
Monday- Friday 9 a.m.- 5 p.m.

Virtual Hours
Monday- Thursday 10 a.m.- 3 p.m.",,FoodResource
Queens,Queens College,"Office of Student Development & Leadership
65-30 Kissena Blvd., Flushing, NY 11367
Student Union, Lower Level 23",718 - 570 - 0393,team@qcknightstable.org,"Hours:
Monday – Friday
12:00 pm – 6:00 pm",,FoodResource
Queens,QUEENSBOROUGH COMMUNITY COLLEGE,1st floor of the Administration building in A-119,718 631-6274,Foodpantry@qcc.cuny.edu ,"Summer 2024 Hours
Monday: 11:00 am-2:00 pm
Tuesday: 10:00 am- 5:00 pm
Wednesday: 3:00 pm -4:00 pm",,FoodResource
Queens,SCHOOL OF JOURNALISM,,,anthony.laviscount@journalism.cuny.edu,,,FoodResource
Queens,SCHOOL OF LAW,,718-340-4204,amanda.beltran@law.cuny.edu,,,FoodResource
Queens,YORK COLLEGE,Room 3M02,718-262-2008,,"Monday, 9:00 a.m.-5:00 p.m. 
Tuesday, 9:00 a.m.- 6:30 p.m. 
Wednesday, 9:00 a.m.-6:30 p.m. 
Thursday, 9:00 a.m.-5:00 p.m.
Friday, 9:00 a.m.-5:00 p.m",,FoodResource
StatenIsland,College Of Staten Island,"Campus Center (Building 1C), Green Dolphin Lounge",718.982-3088,studentlife@csi.cuny.edu,Every second and fourth Friday of the month: 9:30am to 11:30am and by appointment,,FoodResource